<?xml version="1.0" encoding="UTF-8"?>
<project-private xmlns="http://www.netbeans.org/ns/project-private/1">
    <editor-bookmarks xmlns="http://www.netbeans.org/ns/editor-bookmarks/2" lastBookmarkId="1">
        <file>
            <url>src/lab6/ArquivoForaDoPadraoException.java</url>
            <bookmark id="1">
                <name/>
                <line>0</line>
                <key/>
            </bookmark>
        </file>
    </editor-bookmarks>
    <open-files xmlns="http://www.netbeans.org/ns/projectui-open-files/2">
        <group>
            <file>file:/home/thiago-moraes/NetBeansProjects/Lab6/src/lab6/ArquivoEmBrancoException.java</file>
            <file>file:/home/thiago-moraes/NetBeansProjects/Lab6/src/lab6/Lab6.java</file>
            <file>file:/home/thiago-moraes/NetBeansProjects/Lab6/src/lab6/ArquivoForaDoPadraoException.java</file>
            <file>file:/home/thiago-moraes/NetBeansProjects/Lab6/src/lab6/ListaDeNumeros.java</file>
        </group>
    </open-files>
</project-private>
